[
	{
		"inputs": [],
		"stateMutability": "nonpayable",
		"type": "constructor"
	},
	{
		"anonymous": false,
		"inputs": [
			{
				"indexed": false,
				"internalType": "address",
				"name": "user_address",
				"type": "address"
			},
			{
				"indexed": false,
				"internalType": "uint256",
				"name": "amount_added",
				"type": "uint256"
			},
			{
				"indexed": false,
				"internalType": "uint256",
				"name": "new_balance",
				"type": "uint256"
			}
		],
		"name": "BalanceAdded",
		"type": "event"
	},
	{
		"anonymous": false,
		"inputs": [
			{
				"indexed": false,
				"internalType": "address",
				"name": "user_address",
				"type": "address"
			},
			{
				"indexed": false,
				"internalType": "uint256",
				"name": "amount_withdrawn",
				"type": "uint256"
			}
		],
		"name": "BalanceWithdrawn",
		"type": "event"
	},
	{
		"anonymous": false,
		"inputs": [
			{
				"indexed": true,
				"internalType": "uint256",
				"name": "offer_id",
				"type": "uint256"
			},
			{
				"indexed": true,
				"internalType": "address",
				"name": "asset_owner",
				"type": "address"
			},
			{
				"indexed": true,
				"internalType": "address",
				"name": "asset_address",
				"type": "address"
			},
			{
				"indexed": false,
				"internalType": "uint256",
				"name": "amount",
				"type": "uint256"
			},
			{
				"indexed": false,
				"internalType": "uint256",
				"name": "num_chunks",
				"type": "uint256"
			},
			{
				"indexed": false,
				"internalType": "uint256",
				"name": "chunk_size",
				"type": "uint256"
			},
			{
				"components": [
					{
						"internalType": "uint256",
						"name": "chunk_size",
						"type": "uint256"
					},
					{
						"internalType": "address",
						"name": "asset_address",
						"type": "address"
					}
				],
				"indexed": false,
				"internalType": "struct Escrow.Asset[]",
				"name": "equivalent_assets",
				"type": "tuple[]"
			}
		],
		"name": "MultipleOfferCreated",
		"type": "event"
	},
	{
		"anonymous": false,
		"inputs": [
			{
				"indexed": false,
				"internalType": "uint256",
				"name": "offer_id",
				"type": "uint256"
			},
			{
				"indexed": false,
				"internalType": "address",
				"name": "taker",
				"type": "address"
			},
			{
				"indexed": false,
				"internalType": "uint256",
				"name": "accepted_amount",
				"type": "uint256"
			},
			{
				"indexed": false,
				"internalType": "address",
				"name": "accepted_address",
				"type": "address"
			},
			{
				"indexed": false,
				"internalType": "uint256",
				"name": "amount_purchased",
				"type": "uint256"
			},
			{
				"indexed": false,
				"internalType": "uint256",
				"name": "remaining_in_offer",
				"type": "uint256"
			}
		],
		"name": "OfferAccepted",
		"type": "event"
	},
	{
		"anonymous": false,
		"inputs": [
			{
				"indexed": false,
				"internalType": "uint256",
				"name": "offer_id",
				"type": "uint256"
			}
		],
		"name": "OfferCancelled",
		"type": "event"
	},
	{
		"anonymous": false,
		"inputs": [
			{
				"indexed": false,
				"internalType": "uint256",
				"name": "offer_id",
				"type": "uint256"
			}
		],
		"name": "OfferComplete",
		"type": "event"
	},
	{
		"anonymous": false,
		"inputs": [
			{
				"indexed": false,
				"internalType": "uint256",
				"name": "offer_id",
				"type": "uint256"
			},
			{
				"indexed": false,
				"internalType": "address",
				"name": "asset_address",
				"type": "address"
			}
		],
		"name": "OfferPartiallyCancelled",
		"type": "event"
	},
	{
		"anonymous": false,
		"inputs": [
			{
				"indexed": false,
				"internalType": "uint256",
				"name": "offer_id",
				"type": "uint256"
			},
			{
				"indexed": false,
				"internalType": "address",
				"name": "address_of_asset_to_update",
				"type": "address"
			},
			{
				"indexed": false,
				"internalType": "uint256",
				"name": "new_chunk_size",
				"type": "uint256"
			}
		],
		"name": "OfferUpdated",
		"type": "event"
	},
	{
		"anonymous": false,
		"inputs": [
			{
				"indexed": false,
				"internalType": "uint256",
				"name": "offer_id",
				"type": "uint256"
			},
			{
				"indexed": false,
				"internalType": "address",
				"name": "user_address",
				"type": "address"
			},
			{
				"indexed": false,
				"internalType": "address",
				"name": "asset_address",
				"type": "address"
			},
			{
				"indexed": false,
				"internalType": "uint256",
				"name": "asset_amount",
				"type": "uint256"
			}
		],
		"name": "RevenueGenerated",
		"type": "event"
	},
	{
		"anonymous": false,
		"inputs": [
			{
				"indexed": true,
				"internalType": "uint256",
				"name": "offer_id",
				"type": "uint256"
			},
			{
				"indexed": true,
				"internalType": "address",
				"name": "asset_owner",
				"type": "address"
			},
			{
				"indexed": true,
				"internalType": "address",
				"name": "asset_address",
				"type": "address"
			},
			{
				"indexed": false,
				"internalType": "uint256",
				"name": "amount",
				"type": "uint256"
			},
			{
				"indexed": false,
				"internalType": "uint256",
				"name": "num_chunks",
				"type": "uint256"
			},
			{
				"indexed": false,
				"internalType": "uint256",
				"name": "chunk_size",
				"type": "uint256"
			},
			{
				"components": [
					{
						"internalType": "uint256",
						"name": "chunk_size",
						"type": "uint256"
					},
					{
						"internalType": "address",
						"name": "asset_address",
						"type": "address"
					}
				],
				"indexed": false,
				"internalType": "struct Escrow.Asset",
				"name": "equivalent_asset",
				"type": "tuple"
			}
		],
		"name": "SingleOfferCreated",
		"type": "event"
	},
	{
		"anonymous": false,
		"inputs": [
			{
				"indexed": false,
				"internalType": "uint256",
				"name": "offer_id",
				"type": "uint256"
			},
			{
				"indexed": false,
				"internalType": "uint256",
				"name": "user_group_id",
				"type": "uint256"
			}
		],
		"name": "UserGroupAdded",
		"type": "event"
	},
	{
		"anonymous": false,
		"inputs": [
			{
				"indexed": false,
				"internalType": "uint256",
				"name": "group_id",
				"type": "uint256"
			},
			{
				"indexed": false,
				"internalType": "bool",
				"name": "creator_included",
				"type": "bool"
			},
			{
				"indexed": false,
				"internalType": "address",
				"name": "creator",
				"type": "address"
			},
			{
				"indexed": false,
				"internalType": "address[]",
				"name": "members",
				"type": "address[]"
			}
		],
		"name": "UserGroupCreated",
		"type": "event"
	},
	{
		"anonymous": false,
		"inputs": [
			{
				"indexed": false,
				"internalType": "uint256",
				"name": "offer_id",
				"type": "uint256"
			}
		],
		"name": "UserGroupRemoved",
		"type": "event"
	},
	{
		"inputs": [
			{
				"internalType": "uint256",
				"name": "offer_id",
				"type": "uint256"
			},
			{
				"internalType": "uint256",
				"name": "asset_index",
				"type": "uint256"
			}
		],
		"name": "accept_multi_offer_with_coins",
		"outputs": [],
		"stateMutability": "payable",
		"type": "function"
	},
	{
		"inputs": [
			{
				"internalType": "uint256",
				"name": "offer_id",
				"type": "uint256"
			},
			{
				"internalType": "uint256",
				"name": "asset_index",
				"type": "uint256"
			},
			{
				"internalType": "address",
				"name": "address_of_asset_to_accept",
				"type": "address"
			},
			{
				"internalType": "uint256",
				"name": "num_tokens",
				"type": "uint256"
			}
		],
		"name": "accept_multi_offer_with_tokens",
		"outputs": [],
		"stateMutability": "nonpayable",
		"type": "function"
	},
	{
		"inputs": [
			{
				"internalType": "uint256",
				"name": "offer_id",
				"type": "uint256"
			}
		],
		"name": "accept_single_offer_with_coins",
		"outputs": [],
		"stateMutability": "payable",
		"type": "function"
	},
	{
		"inputs": [
			{
				"internalType": "uint256",
				"name": "offer_id",
				"type": "uint256"
			},
			{
				"internalType": "uint256",
				"name": "num_tokens",
				"type": "uint256"
			}
		],
		"name": "accept_single_offer_with_tokens",
		"outputs": [],
		"stateMutability": "nonpayable",
		"type": "function"
	},
	{
		"inputs": [
			{
				"internalType": "uint256",
				"name": "offer_id",
				"type": "uint256"
			},
			{
				"internalType": "uint256",
				"name": "user_group_id",
				"type": "uint256"
			}
		],
		"name": "add_include_group",
		"outputs": [],
		"stateMutability": "nonpayable",
		"type": "function"
	},
	{
		"inputs": [
			{
				"internalType": "uint256",
				"name": "offer_id",
				"type": "uint256"
			},
			{
				"internalType": "uint256",
				"name": "asset_index",
				"type": "uint256"
			},
			{
				"internalType": "address",
				"name": "address_of_asset_to_cancel",
				"type": "address"
			}
		],
		"name": "cancel_multi_offer_part",
		"outputs": [],
		"stateMutability": "nonpayable",
		"type": "function"
	},
	{
		"inputs": [
			{
				"internalType": "uint256",
				"name": "offer_id",
				"type": "uint256"
			}
		],
		"name": "cancel_offer",
		"outputs": [],
		"stateMutability": "nonpayable",
		"type": "function"
	},
	{
		"inputs": [
			{
				"components": [
					{
						"internalType": "uint256",
						"name": "chunk_size",
						"type": "uint256"
					},
					{
						"internalType": "address",
						"name": "asset_address",
						"type": "address"
					}
				],
				"internalType": "struct Escrow.Asset[]",
				"name": "equivalent_assets",
				"type": "tuple[]"
			},
			{
				"internalType": "uint256",
				"name": "num_chunks",
				"type": "uint256"
			}
		],
		"name": "create_multi_coin_offer",
		"outputs": [
			{
				"internalType": "uint256",
				"name": "",
				"type": "uint256"
			}
		],
		"stateMutability": "payable",
		"type": "function"
	},
	{
		"inputs": [
			{
				"components": [
					{
						"internalType": "uint256",
						"name": "chunk_size",
						"type": "uint256"
					},
					{
						"internalType": "address",
						"name": "asset_address",
						"type": "address"
					}
				],
				"internalType": "struct Escrow.Asset[]",
				"name": "equivalent_assets",
				"type": "tuple[]"
			},
			{
				"internalType": "uint256",
				"name": "num_chunks",
				"type": "uint256"
			},
			{
				"internalType": "uint256",
				"name": "held_asset_amount",
				"type": "uint256"
			},
			{
				"internalType": "address",
				"name": "held_asset_address",
				"type": "address"
			}
		],
		"name": "create_multi_token_offer",
		"outputs": [
			{
				"internalType": "uint256",
				"name": "offer_id",
				"type": "uint256"
			}
		],
		"stateMutability": "nonpayable",
		"type": "function"
	},
	{
		"inputs": [
			{
				"components": [
					{
						"internalType": "uint256",
						"name": "chunk_size",
						"type": "uint256"
					},
					{
						"internalType": "address",
						"name": "asset_address",
						"type": "address"
					}
				],
				"internalType": "struct Escrow.Asset",
				"name": "equivalent_asset",
				"type": "tuple"
			},
			{
				"internalType": "uint256",
				"name": "num_chunks",
				"type": "uint256"
			}
		],
		"name": "create_single_coin_offer",
		"outputs": [
			{
				"internalType": "uint256",
				"name": "",
				"type": "uint256"
			}
		],
		"stateMutability": "payable",
		"type": "function"
	},
	{
		"inputs": [
			{
				"components": [
					{
						"internalType": "uint256",
						"name": "chunk_size",
						"type": "uint256"
					},
					{
						"internalType": "address",
						"name": "asset_address",
						"type": "address"
					}
				],
				"internalType": "struct Escrow.Asset",
				"name": "equivalent_asset",
				"type": "tuple"
			},
			{
				"internalType": "uint256",
				"name": "num_chunks",
				"type": "uint256"
			},
			{
				"internalType": "uint256",
				"name": "held_asset_amount",
				"type": "uint256"
			},
			{
				"internalType": "address",
				"name": "held_asset_address",
				"type": "address"
			}
		],
		"name": "create_single_token_offer",
		"outputs": [
			{
				"internalType": "uint256",
				"name": "offer_id",
				"type": "uint256"
			}
		],
		"stateMutability": "nonpayable",
		"type": "function"
	},
	{
		"inputs": [
			{
				"internalType": "bool",
				"name": "include_self",
				"type": "bool"
			},
			{
				"internalType": "address[]",
				"name": "members",
				"type": "address[]"
			}
		],
		"name": "create_user_group",
		"outputs": [],
		"stateMutability": "nonpayable",
		"type": "function"
	},
	{
		"inputs": [
			{
				"internalType": "uint256",
				"name": "user_group_id",
				"type": "uint256"
			},
			{
				"internalType": "address",
				"name": "user",
				"type": "address"
			}
		],
		"name": "is_user_in_group",
		"outputs": [
			{
				"internalType": "bool",
				"name": "",
				"type": "bool"
			}
		],
		"stateMutability": "view",
		"type": "function"
	},
	{
		"inputs": [
			{
				"internalType": "uint256",
				"name": "",
				"type": "uint256"
			}
		],
		"name": "offer_include_groups",
		"outputs": [
			{
				"internalType": "uint256",
				"name": "",
				"type": "uint256"
			}
		],
		"stateMutability": "view",
		"type": "function"
	},
	{
		"inputs": [],
		"name": "platform_fee",
		"outputs": [
			{
				"internalType": "uint256",
				"name": "",
				"type": "uint256"
			}
		],
		"stateMutability": "view",
		"type": "function"
	},
	{
		"inputs": [],
		"name": "platform_fee_decimal_factor",
		"outputs": [
			{
				"internalType": "uint256",
				"name": "",
				"type": "uint256"
			}
		],
		"stateMutability": "view",
		"type": "function"
	},
	{
		"inputs": [],
		"name": "platform_fee_decimals",
		"outputs": [
			{
				"internalType": "uint256",
				"name": "",
				"type": "uint256"
			}
		],
		"stateMutability": "view",
		"type": "function"
	},
	{
		"inputs": [
			{
				"internalType": "address",
				"name": "",
				"type": "address"
			}
		],
		"name": "platform_revenue",
		"outputs": [
			{
				"internalType": "uint256",
				"name": "",
				"type": "uint256"
			}
		],
		"stateMutability": "view",
		"type": "function"
	},
	{
		"inputs": [
			{
				"internalType": "uint256",
				"name": "offer_id",
				"type": "uint256"
			}
		],
		"name": "read_offer",
		"outputs": [
			{
				"components": [
					{
						"internalType": "address",
						"name": "owner",
						"type": "address"
					},
					{
						"internalType": "uint256",
						"name": "amount",
						"type": "uint256"
					},
					{
						"components": [
							{
								"internalType": "uint256",
								"name": "chunk_size",
								"type": "uint256"
							},
							{
								"internalType": "address",
								"name": "asset_address",
								"type": "address"
							}
						],
						"internalType": "struct Escrow.Asset",
						"name": "owned_asset",
						"type": "tuple"
					},
					{
						"components": [
							{
								"internalType": "uint256",
								"name": "chunk_size",
								"type": "uint256"
							},
							{
								"internalType": "address",
								"name": "asset_address",
								"type": "address"
							}
						],
						"internalType": "struct Escrow.Asset[]",
						"name": "requested_assets",
						"type": "tuple[]"
					}
				],
				"internalType": "struct Escrow.Offer",
				"name": "",
				"type": "tuple"
			}
		],
		"stateMutability": "view",
		"type": "function"
	},
	{
		"inputs": [
			{
				"internalType": "uint256",
				"name": "offer_id",
				"type": "uint256"
			}
		],
		"name": "remove_include_group",
		"outputs": [],
		"stateMutability": "nonpayable",
		"type": "function"
	},
	{
		"inputs": [],
		"name": "total_offers",
		"outputs": [
			{
				"internalType": "uint256",
				"name": "",
				"type": "uint256"
			}
		],
		"stateMutability": "view",
		"type": "function"
	},
	{
		"inputs": [
			{
				"internalType": "uint256",
				"name": "offer_id",
				"type": "uint256"
			},
			{
				"internalType": "uint256",
				"name": "asset_index",
				"type": "uint256"
			},
			{
				"internalType": "address",
				"name": "address_of_asset_to_update",
				"type": "address"
			},
			{
				"internalType": "uint256",
				"name": "new_chunk_size",
				"type": "uint256"
			}
		],
		"name": "update_multi_offer_chunk_size",
		"outputs": [],
		"stateMutability": "nonpayable",
		"type": "function"
	},
	{
		"inputs": [
			{
				"internalType": "uint256",
				"name": "offer_id",
				"type": "uint256"
			},
			{
				"internalType": "uint256",
				"name": "new_chunk_size",
				"type": "uint256"
			}
		],
		"name": "update_single_offer_chunk_size",
		"outputs": [],
		"stateMutability": "nonpayable",
		"type": "function"
	},
	{
		"inputs": [
			{
				"internalType": "address",
				"name": "",
				"type": "address"
			}
		],
		"name": "user_coin_balances",
		"outputs": [
			{
				"internalType": "uint256",
				"name": "",
				"type": "uint256"
			}
		],
		"stateMutability": "view",
		"type": "function"
	},
	{
		"inputs": [
			{
				"internalType": "uint256",
				"name": "",
				"type": "uint256"
			},
			{
				"internalType": "address",
				"name": "",
				"type": "address"
			}
		],
		"name": "user_groups",
		"outputs": [
			{
				"internalType": "bool",
				"name": "",
				"type": "bool"
			}
		],
		"stateMutability": "view",
		"type": "function"
	},
	{
		"inputs": [],
		"name": "withdraw_coins",
		"outputs": [],
		"stateMutability": "nonpayable",
		"type": "function"
	}
]