[
	{
		"inputs": [
			{
				"internalType": "address",
				"name": "_lzEndpoint",
				"type": "address"
			},
			{
				"internalType": "address",
				"name": "_WETHAddress",
				"type": "address"
			},
			{
				"internalType": "address",
				"name": "_revWallet",
				"type": "address"
			},
			{
				"internalType": "address",
				"name": "_treasuryWallet",
				"type": "address"
			},
			{
				"internalType": "address",
				"name": "_teamWallet",
				"type": "address"
			},
			{
				"internalType": "address",
				"name": "_uniswapRouter",
				"type": "address"
			}
		],
		"stateMutability": "nonpayable",
		"type": "constructor"
	},
	{
		"inputs": [
			{
				"internalType": "address",
				"name": "",
				"type": "address"
			},
			{
				"internalType": "uint256",
				"name": "",
				"type": "uint256"
			},
			{
				"internalType": "uint256",
				"name": "",
				"type": "uint256"
			}
		],
		"name": "ERC20InsufficientAllowance",
		"type": "error"
	},
	{
		"inputs": [
			{
				"internalType": "address",
				"name": "from",
				"type": "address"
			},
			{
				"internalType": "uint256",
				"name": "fromBalance",
				"type": "uint256"
			},
			{
				"internalType": "uint256",
				"name": "requiredBalance",
				"type": "uint256"
			}
		],
		"name": "ERC20InsufficientBalance",
		"type": "error"
	},
	{
		"inputs": [
			{
				"internalType": "address",
				"name": "",
				"type": "address"
			}
		],
		"name": "ERC20InvalidReceiver",
		"type": "error"
	},
	{
		"inputs": [
			{
				"internalType": "address",
				"name": "",
				"type": "address"
			}
		],
		"name": "ERC20InvalidSender",
		"type": "error"
	},
	{
		"inputs": [
			{
				"internalType": "address",
				"name": "owner",
				"type": "address"
			}
		],
		"name": "OwnableInvalidOwner",
		"type": "error"
	},
	{
		"inputs": [
			{
				"internalType": "address",
				"name": "account",
				"type": "address"
			}
		],
		"name": "OwnableUnauthorizedAccount",
		"type": "error"
	},
	{
		"anonymous": false,
		"inputs": [
			{
				"indexed": true,
				"internalType": "address",
				"name": "owner",
				"type": "address"
			},
			{
				"indexed": true,
				"internalType": "address",
				"name": "spender",
				"type": "address"
			},
			{
				"indexed": false,
				"internalType": "uint256",
				"name": "value",
				"type": "uint256"
			}
		],
		"name": "Approval",
		"type": "event"
	},
	{
		"anonymous": false,
		"inputs": [
			{
				"indexed": false,
				"internalType": "uint16",
				"name": "_srcChainId",
				"type": "uint16"
			},
			{
				"indexed": false,
				"internalType": "bytes",
				"name": "_srcAddress",
				"type": "bytes"
			},
			{
				"indexed": false,
				"internalType": "uint64",
				"name": "_nonce",
				"type": "uint64"
			},
			{
				"indexed": false,
				"internalType": "bytes",
				"name": "_payload",
				"type": "bytes"
			},
			{
				"indexed": false,
				"internalType": "bytes",
				"name": "_reason",
				"type": "bytes"
			}
		],
		"name": "MessageFailed",
		"type": "event"
	},
	{
		"anonymous": false,
		"inputs": [
			{
				"indexed": true,
				"internalType": "address",
				"name": "previousOwner",
				"type": "address"
			},
			{
				"indexed": true,
				"internalType": "address",
				"name": "newOwner",
				"type": "address"
			}
		],
		"name": "OwnershipTransferred",
		"type": "event"
	},
	{
		"anonymous": false,
		"inputs": [
			{
				"indexed": true,
				"internalType": "uint16",
				"name": "_srcChainId",
				"type": "uint16"
			},
			{
				"indexed": true,
				"internalType": "address",
				"name": "_to",
				"type": "address"
			},
			{
				"indexed": false,
				"internalType": "uint256",
				"name": "_amount",
				"type": "uint256"
			}
		],
		"name": "ReceiveFromChain",
		"type": "event"
	},
	{
		"anonymous": false,
		"inputs": [
			{
				"indexed": false,
				"internalType": "uint16",
				"name": "_srcChainId",
				"type": "uint16"
			},
			{
				"indexed": false,
				"internalType": "bytes",
				"name": "_srcAddress",
				"type": "bytes"
			},
			{
				"indexed": false,
				"internalType": "uint64",
				"name": "_nonce",
				"type": "uint64"
			},
			{
				"indexed": false,
				"internalType": "bytes32",
				"name": "_payloadHash",
				"type": "bytes32"
			}
		],
		"name": "RetryMessageSuccess",
		"type": "event"
	},
	{
		"anonymous": false,
		"inputs": [
			{
				"indexed": true,
				"internalType": "uint16",
				"name": "_dstChainId",
				"type": "uint16"
			},
			{
				"indexed": true,
				"internalType": "address",
				"name": "_from",
				"type": "address"
			},
			{
				"indexed": false,
				"internalType": "bytes",
				"name": "_toAddress",
				"type": "bytes"
			},
			{
				"indexed": false,
				"internalType": "uint256",
				"name": "_amount",
				"type": "uint256"
			}
		],
		"name": "SendToChain",
		"type": "event"
	},
	{
		"anonymous": false,
		"inputs": [
			{
				"indexed": false,
				"internalType": "uint16",
				"name": "_dstChainId",
				"type": "uint16"
			},
			{
				"indexed": false,
				"internalType": "uint16",
				"name": "_type",
				"type": "uint16"
			},
			{
				"indexed": false,
				"internalType": "uint256",
				"name": "_minDstGas",
				"type": "uint256"
			}
		],
		"name": "SetMinDstGas",
		"type": "event"
	},
	{
		"anonymous": false,
		"inputs": [
			{
				"indexed": false,
				"internalType": "address",
				"name": "precrime",
				"type": "address"
			}
		],
		"name": "SetPrecrime",
		"type": "event"
	},
	{
		"anonymous": false,
		"inputs": [
			{
				"indexed": false,
				"internalType": "uint16",
				"name": "_remoteChainId",
				"type": "uint16"
			},
			{
				"indexed": false,
				"internalType": "bytes",
				"name": "_path",
				"type": "bytes"
			}
		],
		"name": "SetTrustedRemote",
		"type": "event"
	},
	{
		"anonymous": false,
		"inputs": [
			{
				"indexed": false,
				"internalType": "uint16",
				"name": "_remoteChainId",
				"type": "uint16"
			},
			{
				"indexed": false,
				"internalType": "bytes",
				"name": "_remoteAddress",
				"type": "bytes"
			}
		],
		"name": "SetTrustedRemoteAddress",
		"type": "event"
	},
	{
		"anonymous": false,
		"inputs": [
			{
				"indexed": false,
				"internalType": "bool",
				"name": "_useCustomAdapterParams",
				"type": "bool"
			}
		],
		"name": "SetUseCustomAdapterParams",
		"type": "event"
	},
	{
		"anonymous": false,
		"inputs": [
			{
				"indexed": false,
				"internalType": "uint256",
				"name": "tokensSwapped",
				"type": "uint256"
			},
			{
				"indexed": false,
				"internalType": "uint256",
				"name": "teamETH",
				"type": "uint256"
			},
			{
				"indexed": false,
				"internalType": "uint256",
				"name": "revETH",
				"type": "uint256"
			},
			{
				"indexed": false,
				"internalType": "uint256",
				"name": "TreasuryETH",
				"type": "uint256"
			}
		],
		"name": "SwapAndLiquify",
		"type": "event"
	},
	{
		"anonymous": false,
		"inputs": [
			{
				"indexed": true,
				"internalType": "address",
				"name": "from",
				"type": "address"
			},
			{
				"indexed": true,
				"internalType": "address",
				"name": "to",
				"type": "address"
			},
			{
				"indexed": false,
				"internalType": "uint256",
				"name": "value",
				"type": "uint256"
			}
		],
		"name": "Transfer",
		"type": "event"
	},
	{
		"inputs": [],
		"name": "DEFAULT_PAYLOAD_SIZE_LIMIT",
		"outputs": [
			{
				"internalType": "uint256",
				"name": "",
				"type": "uint256"
			}
		],
		"stateMutability": "view",
		"type": "function"
	},
	{
		"inputs": [],
		"name": "NO_EXTRA_GAS",
		"outputs": [
			{
				"internalType": "uint256",
				"name": "",
				"type": "uint256"
			}
		],
		"stateMutability": "view",
		"type": "function"
	},
	{
		"inputs": [],
		"name": "PT_SEND",
		"outputs": [
			{
				"internalType": "uint16",
				"name": "",
				"type": "uint16"
			}
		],
		"stateMutability": "view",
		"type": "function"
	},
	{
		"inputs": [
			{
				"internalType": "address",
				"name": "owner",
				"type": "address"
			},
			{
				"internalType": "address",
				"name": "spender",
				"type": "address"
			}
		],
		"name": "allowance",
		"outputs": [
			{
				"internalType": "uint256",
				"name": "",
				"type": "uint256"
			}
		],
		"stateMutability": "view",
		"type": "function"
	},
	{
		"inputs": [
			{
				"internalType": "address",
				"name": "spender",
				"type": "address"
			},
			{
				"internalType": "uint256",
				"name": "amount",
				"type": "uint256"
			}
		],
		"name": "approve",
		"outputs": [
			{
				"internalType": "bool",
				"name": "",
				"type": "bool"
			}
		],
		"stateMutability": "nonpayable",
		"type": "function"
	},
	{
		"inputs": [
			{
				"internalType": "address",
				"name": "account",
				"type": "address"
			}
		],
		"name": "balanceOf",
		"outputs": [
			{
				"internalType": "uint256",
				"name": "",
				"type": "uint256"
			}
		],
		"stateMutability": "view",
		"type": "function"
	},
	{
		"inputs": [
			{
				"internalType": "address[]",
				"name": "addresses",
				"type": "address[]"
			},
			{
				"internalType": "uint256[]",
				"name": "amounts",
				"type": "uint256[]"
			}
		],
		"name": "bulkSendTokens",
		"outputs": [],
		"stateMutability": "nonpayable",
		"type": "function"
	},
	{
		"inputs": [],
		"name": "buyTotalFees",
		"outputs": [
			{
				"internalType": "uint8",
				"name": "",
				"type": "uint8"
			}
		],
		"stateMutability": "view",
		"type": "function"
	},
	{
		"inputs": [],
		"name": "circulatingSupply",
		"outputs": [
			{
				"internalType": "uint256",
				"name": "",
				"type": "uint256"
			}
		],
		"stateMutability": "view",
		"type": "function"
	},
	{
		"inputs": [],
		"name": "createThePool",
		"outputs": [],
		"stateMutability": "payable",
		"type": "function"
	},
	{
		"inputs": [],
		"name": "decimals",
		"outputs": [
			{
				"internalType": "uint8",
				"name": "",
				"type": "uint8"
			}
		],
		"stateMutability": "pure",
		"type": "function"
	},
	{
		"inputs": [
			{
				"internalType": "uint16",
				"name": "_dstChainId",
				"type": "uint16"
			},
			{
				"internalType": "bytes",
				"name": "_toAddress",
				"type": "bytes"
			},
			{
				"internalType": "uint256",
				"name": "_amount",
				"type": "uint256"
			},
			{
				"internalType": "bool",
				"name": "_useZro",
				"type": "bool"
			},
			{
				"internalType": "bytes",
				"name": "_adapterParams",
				"type": "bytes"
			}
		],
		"name": "estimateSendFee",
		"outputs": [
			{
				"internalType": "uint256",
				"name": "nativeFee",
				"type": "uint256"
			},
			{
				"internalType": "uint256",
				"name": "zroFee",
				"type": "uint256"
			}
		],
		"stateMutability": "view",
		"type": "function"
	},
	{
		"inputs": [
			{
				"internalType": "address",
				"name": "account",
				"type": "address"
			}
		],
		"name": "excludedFromFee",
		"outputs": [
			{
				"internalType": "bool",
				"name": "",
				"type": "bool"
			}
		],
		"stateMutability": "view",
		"type": "function"
	},
	{
		"inputs": [
			{
				"internalType": "uint16",
				"name": "",
				"type": "uint16"
			},
			{
				"internalType": "bytes",
				"name": "",
				"type": "bytes"
			},
			{
				"internalType": "uint64",
				"name": "",
				"type": "uint64"
			}
		],
		"name": "failedMessages",
		"outputs": [
			{
				"internalType": "bytes32",
				"name": "",
				"type": "bytes32"
			}
		],
		"stateMutability": "view",
		"type": "function"
	},
	{
		"inputs": [
			{
				"internalType": "uint16",
				"name": "_srcChainId",
				"type": "uint16"
			},
			{
				"internalType": "bytes",
				"name": "_srcAddress",
				"type": "bytes"
			}
		],
		"name": "forceResumeReceive",
		"outputs": [],
		"stateMutability": "nonpayable",
		"type": "function"
	},
	{
		"inputs": [
			{
				"internalType": "uint16",
				"name": "_version",
				"type": "uint16"
			},
			{
				"internalType": "uint16",
				"name": "_chainId",
				"type": "uint16"
			},
			{
				"internalType": "address",
				"name": "",
				"type": "address"
			},
			{
				"internalType": "uint256",
				"name": "_configType",
				"type": "uint256"
			}
		],
		"name": "getConfig",
		"outputs": [
			{
				"internalType": "bytes",
				"name": "",
				"type": "bytes"
			}
		],
		"stateMutability": "view",
		"type": "function"
	},
	{
		"inputs": [
			{
				"internalType": "uint16",
				"name": "_remoteChainId",
				"type": "uint16"
			}
		],
		"name": "getTrustedRemoteAddress",
		"outputs": [
			{
				"internalType": "bytes",
				"name": "",
				"type": "bytes"
			}
		],
		"stateMutability": "view",
		"type": "function"
	},
	{
		"inputs": [
			{
				"internalType": "uint16",
				"name": "_srcChainId",
				"type": "uint16"
			},
			{
				"internalType": "bytes",
				"name": "_srcAddress",
				"type": "bytes"
			}
		],
		"name": "isTrustedRemote",
		"outputs": [
			{
				"internalType": "bool",
				"name": "",
				"type": "bool"
			}
		],
		"stateMutability": "view",
		"type": "function"
	},
	{
		"inputs": [],
		"name": "limitsInEffect",
		"outputs": [
			{
				"internalType": "bool",
				"name": "",
				"type": "bool"
			}
		],
		"stateMutability": "view",
		"type": "function"
	},
	{
		"inputs": [],
		"name": "lzEndpoint",
		"outputs": [
			{
				"internalType": "contract ILayerZeroEndpoint",
				"name": "",
				"type": "address"
			}
		],
		"stateMutability": "view",
		"type": "function"
	},
	{
		"inputs": [
			{
				"internalType": "uint16",
				"name": "_srcChainId",
				"type": "uint16"
			},
			{
				"internalType": "bytes",
				"name": "_srcAddress",
				"type": "bytes"
			},
			{
				"internalType": "uint64",
				"name": "_nonce",
				"type": "uint64"
			},
			{
				"internalType": "bytes",
				"name": "_payload",
				"type": "bytes"
			}
		],
		"name": "lzReceive",
		"outputs": [],
		"stateMutability": "nonpayable",
		"type": "function"
	},
	{
		"inputs": [],
		"name": "maxTransactionAmount",
		"outputs": [
			{
				"internalType": "uint256",
				"name": "",
				"type": "uint256"
			}
		],
		"stateMutability": "view",
		"type": "function"
	},
	{
		"inputs": [],
		"name": "maxWallet",
		"outputs": [
			{
				"internalType": "uint256",
				"name": "",
				"type": "uint256"
			}
		],
		"stateMutability": "view",
		"type": "function"
	},
	{
		"inputs": [
			{
				"internalType": "uint16",
				"name": "",
				"type": "uint16"
			},
			{
				"internalType": "uint16",
				"name": "",
				"type": "uint16"
			}
		],
		"name": "minDstGasLookup",
		"outputs": [
			{
				"internalType": "uint256",
				"name": "",
				"type": "uint256"
			}
		],
		"stateMutability": "view",
		"type": "function"
	},
	{
		"inputs": [],
		"name": "name",
		"outputs": [
			{
				"internalType": "string",
				"name": "",
				"type": "string"
			}
		],
		"stateMutability": "pure",
		"type": "function"
	},
	{
		"inputs": [
			{
				"internalType": "uint16",
				"name": "_srcChainId",
				"type": "uint16"
			},
			{
				"internalType": "bytes",
				"name": "_srcAddress",
				"type": "bytes"
			},
			{
				"internalType": "uint64",
				"name": "_nonce",
				"type": "uint64"
			},
			{
				"internalType": "bytes",
				"name": "_payload",
				"type": "bytes"
			}
		],
		"name": "nonblockingLzReceive",
		"outputs": [],
		"stateMutability": "nonpayable",
		"type": "function"
	},
	{
		"inputs": [],
		"name": "owner",
		"outputs": [
			{
				"internalType": "address",
				"name": "",
				"type": "address"
			}
		],
		"stateMutability": "view",
		"type": "function"
	},
	{
		"inputs": [
			{
				"internalType": "uint16",
				"name": "",
				"type": "uint16"
			}
		],
		"name": "payloadSizeLimitLookup",
		"outputs": [
			{
				"internalType": "uint256",
				"name": "",
				"type": "uint256"
			}
		],
		"stateMutability": "view",
		"type": "function"
	},
	{
		"inputs": [],
		"name": "precrime",
		"outputs": [
			{
				"internalType": "address",
				"name": "",
				"type": "address"
			}
		],
		"stateMutability": "view",
		"type": "function"
	},
	{
		"inputs": [],
		"name": "removeLimits",
		"outputs": [],
		"stateMutability": "nonpayable",
		"type": "function"
	},
	{
		"inputs": [],
		"name": "renounceOwnership",
		"outputs": [],
		"stateMutability": "nonpayable",
		"type": "function"
	},
	{
		"inputs": [
			{
				"internalType": "uint16",
				"name": "_srcChainId",
				"type": "uint16"
			},
			{
				"internalType": "bytes",
				"name": "_srcAddress",
				"type": "bytes"
			},
			{
				"internalType": "uint64",
				"name": "_nonce",
				"type": "uint64"
			},
			{
				"internalType": "bytes",
				"name": "_payload",
				"type": "bytes"
			}
		],
		"name": "retryMessage",
		"outputs": [],
		"stateMutability": "payable",
		"type": "function"
	},
	{
		"inputs": [],
		"name": "revFee",
		"outputs": [
			{
				"internalType": "uint8",
				"name": "",
				"type": "uint8"
			}
		],
		"stateMutability": "view",
		"type": "function"
	},
	{
		"inputs": [],
		"name": "revWallet",
		"outputs": [
			{
				"internalType": "address",
				"name": "",
				"type": "address"
			}
		],
		"stateMutability": "view",
		"type": "function"
	},
	{
		"inputs": [],
		"name": "sellTotalFees",
		"outputs": [
			{
				"internalType": "uint8",
				"name": "",
				"type": "uint8"
			}
		],
		"stateMutability": "view",
		"type": "function"
	},
	{
		"inputs": [
			{
				"internalType": "address",
				"name": "_from",
				"type": "address"
			},
			{
				"internalType": "uint16",
				"name": "_dstChainId",
				"type": "uint16"
			},
			{
				"internalType": "bytes",
				"name": "_toAddress",
				"type": "bytes"
			},
			{
				"internalType": "uint256",
				"name": "_amount",
				"type": "uint256"
			},
			{
				"internalType": "address payable",
				"name": "_refundAddress",
				"type": "address"
			},
			{
				"internalType": "address",
				"name": "_zroPaymentAddress",
				"type": "address"
			},
			{
				"internalType": "bytes",
				"name": "_adapterParams",
				"type": "bytes"
			}
		],
		"name": "sendFrom",
		"outputs": [],
		"stateMutability": "payable",
		"type": "function"
	},
	{
		"inputs": [
			{
				"internalType": "address",
				"name": "pair",
				"type": "address"
			},
			{
				"internalType": "bool",
				"name": "value",
				"type": "bool"
			}
		],
		"name": "setAutomatedMarketMakerPair",
		"outputs": [],
		"stateMutability": "nonpayable",
		"type": "function"
	},
	{
		"inputs": [
			{
				"internalType": "uint16",
				"name": "_version",
				"type": "uint16"
			},
			{
				"internalType": "uint16",
				"name": "_chainId",
				"type": "uint16"
			},
			{
				"internalType": "uint256",
				"name": "_configType",
				"type": "uint256"
			},
			{
				"internalType": "bytes",
				"name": "_config",
				"type": "bytes"
			}
		],
		"name": "setConfig",
		"outputs": [],
		"stateMutability": "nonpayable",
		"type": "function"
	},
	{
		"inputs": [
			{
				"internalType": "uint8",
				"name": "_RevFee",
				"type": "uint8"
			},
			{
				"internalType": "uint8",
				"name": "_TreasuryFee",
				"type": "uint8"
			},
			{
				"internalType": "uint8",
				"name": "_teamFee",
				"type": "uint8"
			}
		],
		"name": "setDistributionFees",
		"outputs": [],
		"stateMutability": "nonpayable",
		"type": "function"
	},
	{
		"inputs": [
			{
				"internalType": "address",
				"name": "account",
				"type": "address"
			},
			{
				"internalType": "bool",
				"name": "excluded",
				"type": "bool"
			}
		],
		"name": "setExcludedFromFees",
		"outputs": [],
		"stateMutability": "nonpayable",
		"type": "function"
	},
	{
		"inputs": [
			{
				"internalType": "address",
				"name": "account",
				"type": "address"
			},
			{
				"internalType": "bool",
				"name": "excluded",
				"type": "bool"
			}
		],
		"name": "setExcludedFromMaxTransaction",
		"outputs": [],
		"stateMutability": "nonpayable",
		"type": "function"
	},
	{
		"inputs": [
			{
				"internalType": "uint8",
				"name": "_buyTotalFees",
				"type": "uint8"
			},
			{
				"internalType": "uint8",
				"name": "_sellTotalFees",
				"type": "uint8"
			}
		],
		"name": "setFees",
		"outputs": [],
		"stateMutability": "nonpayable",
		"type": "function"
	},
	{
		"inputs": [
			{
				"internalType": "uint256",
				"name": "newMaxTx",
				"type": "uint256"
			}
		],
		"name": "setMaxTxnAmount",
		"outputs": [],
		"stateMutability": "nonpayable",
		"type": "function"
	},
	{
		"inputs": [
			{
				"internalType": "uint256",
				"name": "newMaxWallet",
				"type": "uint256"
			}
		],
		"name": "setMaxWalletAmount",
		"outputs": [],
		"stateMutability": "nonpayable",
		"type": "function"
	},
	{
		"inputs": [
			{
				"internalType": "uint16",
				"name": "_dstChainId",
				"type": "uint16"
			},
			{
				"internalType": "uint16",
				"name": "_packetType",
				"type": "uint16"
			},
			{
				"internalType": "uint256",
				"name": "_minGas",
				"type": "uint256"
			}
		],
		"name": "setMinDstGas",
		"outputs": [],
		"stateMutability": "nonpayable",
		"type": "function"
	},
	{
		"inputs": [
			{
				"internalType": "uint16",
				"name": "_dstChainId",
				"type": "uint16"
			},
			{
				"internalType": "uint256",
				"name": "_size",
				"type": "uint256"
			}
		],
		"name": "setPayloadSizeLimit",
		"outputs": [],
		"stateMutability": "nonpayable",
		"type": "function"
	},
	{
		"inputs": [
			{
				"internalType": "address",
				"name": "_precrime",
				"type": "address"
			}
		],
		"name": "setPrecrime",
		"outputs": [],
		"stateMutability": "nonpayable",
		"type": "function"
	},
	{
		"inputs": [
			{
				"internalType": "uint16",
				"name": "_version",
				"type": "uint16"
			}
		],
		"name": "setReceiveVersion",
		"outputs": [],
		"stateMutability": "nonpayable",
		"type": "function"
	},
	{
		"inputs": [
			{
				"internalType": "uint16",
				"name": "_version",
				"type": "uint16"
			}
		],
		"name": "setSendVersion",
		"outputs": [],
		"stateMutability": "nonpayable",
		"type": "function"
	},
	{
		"inputs": [
			{
				"internalType": "uint256",
				"name": "newSwapAmount",
				"type": "uint256"
			}
		],
		"name": "setSwapAtAmount",
		"outputs": [],
		"stateMutability": "nonpayable",
		"type": "function"
	},
	{
		"inputs": [
			{
				"internalType": "uint16",
				"name": "_remoteChainId",
				"type": "uint16"
			},
			{
				"internalType": "bytes",
				"name": "_path",
				"type": "bytes"
			}
		],
		"name": "setTrustedRemote",
		"outputs": [],
		"stateMutability": "nonpayable",
		"type": "function"
	},
	{
		"inputs": [
			{
				"internalType": "uint16",
				"name": "_remoteChainId",
				"type": "uint16"
			},
			{
				"internalType": "bytes",
				"name": "_remoteAddress",
				"type": "bytes"
			}
		],
		"name": "setTrustedRemoteAddress",
		"outputs": [],
		"stateMutability": "nonpayable",
		"type": "function"
	},
	{
		"inputs": [
			{
				"internalType": "bool",
				"name": "_useCustomAdapterParams",
				"type": "bool"
			}
		],
		"name": "setUseCustomAdapterParams",
		"outputs": [],
		"stateMutability": "nonpayable",
		"type": "function"
	},
	{
		"inputs": [
			{
				"internalType": "bytes4",
				"name": "interfaceId",
				"type": "bytes4"
			}
		],
		"name": "supportsInterface",
		"outputs": [
			{
				"internalType": "bool",
				"name": "",
				"type": "bool"
			}
		],
		"stateMutability": "view",
		"type": "function"
	},
	{
		"inputs": [],
		"name": "swapTokensAtAmount",
		"outputs": [
			{
				"internalType": "uint256",
				"name": "",
				"type": "uint256"
			}
		],
		"stateMutability": "view",
		"type": "function"
	},
	{
		"inputs": [],
		"name": "symbol",
		"outputs": [
			{
				"internalType": "string",
				"name": "",
				"type": "string"
			}
		],
		"stateMutability": "pure",
		"type": "function"
	},
	{
		"inputs": [],
		"name": "teamFee",
		"outputs": [
			{
				"internalType": "uint8",
				"name": "",
				"type": "uint8"
			}
		],
		"stateMutability": "view",
		"type": "function"
	},
	{
		"inputs": [],
		"name": "teamWallet",
		"outputs": [
			{
				"internalType": "address",
				"name": "",
				"type": "address"
			}
		],
		"stateMutability": "view",
		"type": "function"
	},
	{
		"inputs": [],
		"name": "token",
		"outputs": [
			{
				"internalType": "address",
				"name": "",
				"type": "address"
			}
		],
		"stateMutability": "view",
		"type": "function"
	},
	{
		"inputs": [],
		"name": "totalSupply",
		"outputs": [
			{
				"internalType": "uint256",
				"name": "",
				"type": "uint256"
			}
		],
		"stateMutability": "view",
		"type": "function"
	},
	{
		"inputs": [
			{
				"internalType": "address",
				"name": "recipient",
				"type": "address"
			},
			{
				"internalType": "uint256",
				"name": "amount",
				"type": "uint256"
			}
		],
		"name": "transfer",
		"outputs": [
			{
				"internalType": "bool",
				"name": "",
				"type": "bool"
			}
		],
		"stateMutability": "nonpayable",
		"type": "function"
	},
	{
		"inputs": [
			{
				"internalType": "address",
				"name": "sender",
				"type": "address"
			},
			{
				"internalType": "address",
				"name": "recipient",
				"type": "address"
			},
			{
				"internalType": "uint256",
				"name": "amount",
				"type": "uint256"
			}
		],
		"name": "transferFrom",
		"outputs": [
			{
				"internalType": "bool",
				"name": "",
				"type": "bool"
			}
		],
		"stateMutability": "nonpayable",
		"type": "function"
	},
	{
		"inputs": [
			{
				"internalType": "address",
				"name": "newOwner",
				"type": "address"
			}
		],
		"name": "transferOwnership",
		"outputs": [],
		"stateMutability": "nonpayable",
		"type": "function"
	},
	{
		"inputs": [],
		"name": "treasuryFee",
		"outputs": [
			{
				"internalType": "uint8",
				"name": "",
				"type": "uint8"
			}
		],
		"stateMutability": "view",
		"type": "function"
	},
	{
		"inputs": [],
		"name": "treasuryWallet",
		"outputs": [
			{
				"internalType": "address",
				"name": "",
				"type": "address"
			}
		],
		"stateMutability": "view",
		"type": "function"
	},
	{
		"inputs": [
			{
				"internalType": "uint16",
				"name": "",
				"type": "uint16"
			}
		],
		"name": "trustedRemoteLookup",
		"outputs": [
			{
				"internalType": "bytes",
				"name": "",
				"type": "bytes"
			}
		],
		"stateMutability": "view",
		"type": "function"
	},
	{
		"inputs": [],
		"name": "uniswapV2Pair",
		"outputs": [
			{
				"internalType": "address",
				"name": "",
				"type": "address"
			}
		],
		"stateMutability": "view",
		"type": "function"
	},
	{
		"inputs": [],
		"name": "uniswapV2Router",
		"outputs": [
			{
				"internalType": "contract IUniswapV2Router02",
				"name": "",
				"type": "address"
			}
		],
		"stateMutability": "view",
		"type": "function"
	},
	{
		"inputs": [
			{
				"internalType": "address",
				"name": "newAddress",
				"type": "address"
			}
		],
		"name": "updateRevWallet",
		"outputs": [],
		"stateMutability": "nonpayable",
		"type": "function"
	},
	{
		"inputs": [
			{
				"internalType": "address",
				"name": "newAddress",
				"type": "address"
			}
		],
		"name": "updateTeamWallet",
		"outputs": [],
		"stateMutability": "nonpayable",
		"type": "function"
	},
	{
		"inputs": [
			{
				"internalType": "address",
				"name": "newAddress",
				"type": "address"
			}
		],
		"name": "updateTreasuryWallet",
		"outputs": [],
		"stateMutability": "nonpayable",
		"type": "function"
	},
	{
		"inputs": [],
		"name": "useCustomAdapterParams",
		"outputs": [
			{
				"internalType": "bool",
				"name": "",
				"type": "bool"
			}
		],
		"stateMutability": "view",
		"type": "function"
	},
	{
		"inputs": [
			{
				"internalType": "address",
				"name": "addr",
				"type": "address"
			}
		],
		"name": "withdrawStuckETH",
		"outputs": [],
		"stateMutability": "nonpayable",
		"type": "function"
	},
	{
		"inputs": [
			{
				"internalType": "address",
				"name": "tokenAddress",
				"type": "address"
			},
			{
				"internalType": "address",
				"name": "to",
				"type": "address"
			}
		],
		"name": "withdrawStuckToken",
		"outputs": [],
		"stateMutability": "nonpayable",
		"type": "function"
	},
	{
		"stateMutability": "payable",
		"type": "receive"
	}
]